,batting_average,batting_strike_rate,bowling_average,catches,economy,fifties,fours,fourw_haul,highest,hundreds,innings,matches,notout,player_id,player_name,player_nationality,runouts,runs,season,sixes,stumping,wickets
0,83.20,134.62,0,11,0,3,22,0,84*,0,12,15,7,1,MS Dhoni,Indian,1,416,2019,23,5,0
1,0,0,16.57,6,6.69,0,0,2,0*,0,1,17,1,898,Imran Tahir,South African,0,0,2019,0,0,26
2,0,0,0,0,0,0,0,0,0,0,0,0,0,5443,Ruturaj Gaikwad,Indian,0,0,2019,0,0,0
3,0,0,35.50,0,8.87,0,0,0,0*,0,0,2,0,1859,Scott Kuggeleijn,New Zealander,0,0,2019,0,0,2
4,0.00,0.00,0,1,0,0,0,0,0*,0,1,1,0,2756,Sam Billings,English,0,0,2019,0,0,0
5,0,0,0,0,0,0,0,0,0,0,0,0,0,2758,David Willey,English,0,0,2019,0,0,0
6,32.00,104.91,0,1,0,0,6,0,38,0,2,2,0,7,Murali Vijay,Indian,0,64,2019,1,0,0
7,35.33,120.45,22.86,9,6.35,0,7,0,31*,0,9,16,6,9,Ravindra Jadeja,Indian,0,106,2019,4,0,15
8,3.50,77.77,21.90,2,7.47,0,1,0,7,0,2,17,0,140,Deepak Chahar,Indian,0,7,2019,0,0,22
9,0,0,0,0,0,0,0,0,0,0,0,0,0,4942,Narayan Jagadeesan,Indian,0,0,2019,0,0,0
10,23.93,121.97,0,7,6.00,3,45,0,59,0,17,17,1,14,Suresh Raina,Indian,1,383,2019,9,0,0
11,0,0,0,0,0,0,0,0,0,0,0,0,0,4944,KM Asif,Indian,0,0,2019,0,0,0
12,7.00,200.00,35.12,5,9.36,0,1,0,12*,0,3,10,1,1745,Shardul Thakur,Indian,0,14,2019,1,0,8
13,5.00,62.50,0,0,0,0,0,0,5,0,1,1,0,4946,Dhruv Shorey,Indian,0,5,2019,0,0,0
14,0,0.00,27.00,0,9.00,0,0,0,0*,0,1,1,1,1107,Mohit Sharma,Indian,0,0,2019,0,0,1
15,36.00,123.36,0,12,0,3,36,0,96,0,12,12,1,24,Faf du Plessis,South African,1,396,2019,15,0,0
16,0,0,0,0,0,0,0,0,0,0,0,0,0,1560,Monu Kumar,Indian,0,0,2019,0,0,0
17,16.00,121.21,30.00,5,8.01,0,6,0,27,0,9,12,4,25,Dwayne Bravo,West Indian,0,80,2019,3,0,11
18,0,0,0,0,0,0,0,0,0,0,0,0,0,4954,Chaitanya Bishnoi,Indian,0,0,2019,0,0,0
19,0,0,33.00,0,11.64,0,0,0,0*,0,0,1,0,1118,Karn Sharma,Indian,0,0,2019,0,0,1
20,75.83,150.66,0,11,0,3,24,0,79*,0,15,16,9,1,MS Dhoni,Indian,2,455,2018,30,3,0
21,0,100.00,31.33,2,9.09,0,0,0,2*,0,1,6,1,898,Imran Tahir,South African,0,2,2018,0,0,6
22,13.50,138.46,0,5,0,1,8,0,56,0,8,10,0,2756,Sam Billings,English,0,108,2018,5,0,0
23,0,0,47.50,2,9.50,0,0,0,0*,0,0,3,0,2758,David Willey,English,1,0,2018,0,0,2
24,12.00,120.00,0,0,0,0,0,0,12,0,1,1,0,7,Murali Vijay,Indian,0,12,2018,1,0,0
25,23.41,127.56,0,6,0,3,42,0,96,0,17,17,0,227,Shane Watson,Australian,1,398,2019,20,0,0
26,23.50,93.06,0,6,0,1,20,0,57,0,17,17,5,100,Ambati Rayudu,Indian,1,282,2019,7,0,0
27,1.00,33.33,19.50,4,7.09,0,0,0,1,0,1,11,0,103,Harbhajan Singh,Indian,0,1,2019,0,0,16
28,18.00,95.85,0,4,0,1,19,0,58,0,12,14,3,297,Kedar Jadhav,Indian,0,162,2019,3,0,0
29,43.55,158.70,0,5,0,2,25,0,70*,0,13,16,4,1,MS Dhoni,Indian,4,392,2011,23,5,0
30,0,0,0,0,0,0,0,0,0,0,0,0,0,2,Abhinav Mukund,Indian,0,0,2011,0,0,0
31,0,0,0,0,0,0,0,0,0,0,0,0,0,4,Ganapathi Vignesh,Indian,0,0,2011,0,0,0
32,0.00,0.00,0,0,11.33,0,0,0,0*,0,1,1,0,5,Joginder Sharma,Indian,0,0,2011,0,0,0
33,0,0,0,0,0,0,0,0,0,0,0,0,0,6,Kuthethur Vasudevadas,Indian,0,0,2011,0,0,0
34,17.80,120.27,27.54,11,7.39,0,3,0,27*,0,10,16,5,9,Ravindra Jadeja,Indian,1,89,2018,4,0,11
35,16.66,172.41,27.80,1,7.28,0,1,0,39,0,4,12,1,140,Deepak Chahar,Indian,0,50,2018,4,0,10
36,0,0,0,0,0,0,0,0,0,0,0,0,0,4942,Narayan Jagadeesan,Indian,0,0,2018,0,0,0
37,37.08,132.44,0,9,0,4,46,0,75*,0,15,15,3,14,Suresh Raina,Indian,2,445,2018,12,0,0
38,0,0,25.00,0,12.50,0,0,0,0*,0,0,2,0,4944,KM Asif,Indian,0,0,2018,0,0,3
39,32.00,139.13,23.50,1,6.71,0,0,0,22,0,2,4,1,1903,Mitchell Santner,New Zealander,0,32,2019,3,0,4
40,27.12,128.02,0,5,0,3,34,0,95,0,16,16,0,7,Murali Vijay,Indian,0,434,2011,20,0,0
41,1.00,33.33,19.40,4,6.15,0,0,0,2,0,2,16,0,8,Ravichandran Ashwin,Indian,0,2,2011,0,0,20
42,0,0,33.60,9,7.60,0,0,0,0*,0,1,15,1,10,Shadab Jakati,Indian,0,0,2011,0,0,10
43,0,300.00,26.93,4,9.23,0,3,0,15*,0,1,13,1,1745,Shardul Thakur,Indian,0,15,2018,0,0,16
44,8.00,88.88,0,0,0,0,0,0,8,0,1,1,0,4946,Dhruv Shorey,Indian,0,8,2018,1,0,0
45,32.40,125.58,0,1,0,1,17,0,67*,0,6,6,1,24,Faf du Plessis,South African,0,162,2018,6,0,0
46,0,0,0,0,0,0,0,0,0,0,0,0,0,1560,Monu Kumar,Indian,0,0,2018,0,0,0
47,20.75,112.16,0,8,0,1,6,0,64,0,5,9,1,11,Srikkanth Anirudha,Indian,1,83,2011,3,0,0
48,56.57,126.51,0,1,0,5,38,0,71*,0,13,16,6,12,Subramaniam Badrinath,Indian,0,396,2011,9,0,0
49,0,0,0,0,0,0,0,0,0,0,0,0,0,13,Sudeep Tyagi,Indian,0,0,2011,0,0,0
50,31.28,134.76,50.25,4,7.30,4,36,0,73*,0,16,16,2,14,Suresh Raina,Indian,0,438,2011,17,0,4
51,0,0,0,0,0,0,0,0,0,0,0,0,0,15,Yo Mahesh,Indian,0,0,2011,0,0,0
52,35.25,154.94,38.07,9,9.96,1,8,0,68,0,10,16,6,25,Dwayne Bravo,West Indian,0,141,2018,10,0,14
53,0,0,0,0,0,0,0,0,0,0,0,0,0,4953,Kshitiz Sharma,Indian,0,0,2018,0,0,0
54,0,0,0,0,0,0,0,0,0,0,0,0,0,4954,Chaitanya Bishnoi,Indian,0,0,2018,0,0,0
55,0,0,22.25,3,9.36,0,0,0,0*,0,1,6,1,1118,Karn Sharma,Indian,1,0,2018,0,0,4
56,0,0,14.18,1,6.00,0,0,1,0*,0,0,7,0,3746,Lungi Ngidi,South African,0,0,2018,0,0,11
57,0,0,0,0,0,0,0,0,0,0,0,0,0,3811,Kanishk Seth,Indian,0,0,2018,0,0,0
58,39.64,154.59,41.83,3,8.96,2,44,0,117*,2,15,15,1,227,Shane Watson,Australian,1,555,2018,35,0,6
59,74.20,148.40,0,3,0,1,22,0,57*,0,15,16,10,1,MS Dhoni,Indian,2,371,2014,20,1,0
60,0,0,0,0,0,0,0,0,0,0,0,0,0,1505,Matt Henry,New Zealander,0,0,2014,0,0,0
61,0,0,53.00,4,7.57,0,0,0,0*,0,0,13,0,1090,Ishwar Pandey,Indian,0,0,2014,0,0,6
62,15.00,100.00,27.31,1,7.30,0,4,0,14,0,6,16,3,8,Ravichandran Ashwin,Indian,1,45,2014,0,0,16
63,29.20,132.72,23.31,4,8.15,0,9,2,36*,0,10,16,5,9,Ravindra Jadeja,Indian,1,146,2014,5,0,19
64,31.15,121.62,0,6,0,3,32,0,71*,0,14,14,1,202,Brendon McCullum,New Zealander,2,405,2014,19,0,0
65,29.83,128.77,0,12,0,1,26,0,51*,0,17,19,5,1,MS Dhoni,Indian,3,358,2012,9,2,0
66,0,0,0,0,0,0,0,0,0,0,0,0,0,2,Abhinav Mukund,Indian,0,0,2012,0,0,0
67,0,0,0,0,0,0,0,0,0,0,0,0,0,4,Ganapathi Vignesh,Indian,0,0,2012,0,0,0
68,0,0,0,0,0,0,0,0,0,0,0,0,0,5,Joginder Sharma,Indian,0,0,2012,0,0,0
69,0,0,0,0,0,0,0,0,0,0,0,0,0,6,Kuthethur Vasudevadas,Indian,0,0,2012,0,0,0
70,25.84,125.84,0,6,0,0,39,0,113,1,14,14,1,7,Murali Vijay,Indian,0,336,2012,10,0,0
71,68.00,107.93,0,2,0,0,2,0,46*,0,3,7,2,16,Wriddhiman Saha,Indian,1,68,2011,4,0,0
72,0,0,0,0,0,0,0,0,0,0,0,0,0,17,Ben Hilfenhaus,Australian,0,0,2011,0,0,0
73,0,0.00,19.35,4,7.00,0,0,0,0*,0,1,13,1,18,Doug Bollinger,Australian,0,0,2011,0,0,17
74,0,0,0,0,0,0,0,0,0,0,0,0,0,19,George Bailey,Australian,0,0,2011,0,0,0
75,41.00,118.84,0,7,0,4,53,0,83*,0,14,14,2,20,Michael Hussey,Australian,0,492,2011,6,0,0
76,43.00,149.75,0,2,0,3,53,0,100*,1,16,16,2,100,Ambati Rayudu,Indian,1,602,2018,34,0,0
77,9.66,80.55,38.57,4,8.48,0,3,0,19,0,3,13,0,103,Harbhajan Singh,Indian,0,29,2018,1,0,7
78,0,109.09,0,0,0,0,1,0,24*,0,1,1,1,297,Kedar Jadhav,Indian,0,24,2018,2,0,0
79,0,0,0,0,0,0,0,0,0,0,0,0,0,1903,Mitchell Santner,New Zealander,0,0,2018,0,0,0
80,1.00,33.33,0,1,12.25,0,0,0,1,0,1,1,0,2749,Mark Wood,English,0,1,2018,0,0,0
81,0,0,29.00,0,9.66,0,0,0,0*,0,0,1,0,748,John Hastings,Australian,0,0,2014,0,0,1
82,40.23,146.08,134.00,11,7.44,5,51,0,87,0,16,16,3,14,Suresh Raina,Indian,1,523,2014,19,0,1
83,0,0,48.50,0,6.92,0,0,0,0*,0,0,4,0,590,Samuel Badree,West Indian,0,0,2014,0,0,2
84,0,0,30.75,1,8.78,0,0,0,0*,0,1,8,1,17,Ben Hilfenhaus,Australian,0,0,2014,0,0,8
85,6.00,120.00,30.85,5,6.56,0,2,0,8,0,5,19,2,8,Ravichandran Ashwin,Indian,1,18,2012,0,0,14
86,15.91,126.49,22.75,2,7.80,0,13,0,48,0,14,19,2,9,Ravindra Jadeja,Indian,3,191,2012,9,0,12
87,0,58.33,37.22,4,8.17,0,0,0,6*,0,2,15,2,10,Shadab Jakati,Indian,0,7,2012,0,0,9
88,0,271.42,0,0,0,0,1,0,18*,0,2,4,2,11,Srikkanth Anirudha,Indian,0,19,2012,2,0,0
89,2.00,50.00,37.16,2,7.68,0,0,0,2,0,1,8,0,21,Suraj Randiv,Sri Lankan,1,2,2011,0,0,6
90,0,250.00,0,1,13.00,0,1,0,5*,0,1,2,1,22,Scott Styris,New Zealander,1,5,2011,0,0,0
91,0,0,26.00,0,8.66,0,0,0,0*,0,0,1,0,23,Nuwan Kulasekara,Sri Lankan,0,0,2011,0,0,1
92,0,0,0,0,0,0,0,0,0,0,0,0,0,24,Faf du Plessis,South African,0,0,2011,0,0,0
93,31.88,136.66,0,5,0,2,26,0,66*,0,11,13,2,1,MS Dhoni,Indian,2,287,2010,8,6,0
94,0,0,44.50,1,11.12,0,0,0,0*,0,0,3,0,5,Joginder Sharma,Indian,0,0,2010,0,0,2
95,35.23,156.84,0,11,0,2,36,0,127,1,15,15,2,7,Murali Vijay,Indian,1,458,2010,26,0,0
96,7.50,75.00,22.53,1,6.10,0,2,0,11*,0,6,12,2,8,Ravichandran Ashwin,Indian,1,30,2010,0,0,13
97,31.00,121.96,0,8,0,1,27,0,53,0,17,17,5,1,MS Dhoni,Indian,1,372,2015,17,3,0
98,0,0,20.27,2,7.19,0,0,0,0*,0,0,10,0,1090,Ishwar Pandey,Indian,0,0,2015,0,0,11
99,17.33,162.50,22.80,3,5.84,0,6,0,23,0,6,14,3,8,Ravichandran Ashwin,Indian,0,52,2015,1,0,10
100,0,0,0,0,0,0,0,0,0,0,0,0,0,1480,Andrew Tye,Australian,0,0,2015,0,0,0
101,18.85,104.76,30.00,13,7.73,0,7,1,24,0,12,17,5,9,Ravindra Jadeja,Indian,2,132,2015,3,0,11
102,33.53,155.71,0,2,0,2,51,0,100*,1,14,14,1,202,Brendon McCullum,New Zealander,0,436,2015,23,0,0
103,0,0,17.75,0,9.46,0,0,0,0*,0,0,4,0,115,Ashish Nehra,Indian,0,0,2014,0,0,8
104,0,33.33,19.65,3,8.39,0,0,1,1*,0,1,16,1,1107,Mohit Sharma,Indian,0,1,2014,0,0,23
105,0,0,0,0,0,0,0,0,0,0,0,0,0,277,Ronit More,Indian,0,0,2014,0,0,0
106,0,0,0,1,10.71,0,0,0,0*,0,0,2,0,53,Pawan Negi,Indian,0,0,2014,0,0,0
107,27.54,128.93,0,13,0,2,26,0,54*,0,12,15,1,24,Faf du Plessis,South African,1,303,2014,7,0,0
108,0,266.66,0,0,0,0,0,0,8*,0,1,1,1,25,Dwayne Bravo,West Indian,0,8,2014,1,0,0
109,58.00,123.40,19.00,1,13.41,1,8,0,50*,0,4,5,2,186,David Hussey,Australian,0,116,2014,6,0,2
110,28.00,108.28,0,3,0,1,23,0,57,0,9,15,2,12,Subramaniam Badrinath,Indian,0,196,2012,2,0,0
111,0,0,0,0,0,0,0,0,0,0,0,0,0,13,Sudeep Tyagi,Indian,0,0,2012,0,0,0
112,25.94,135.69,52.50,11,7.50,1,36,0,73,0,18,19,1,14,Suresh Raina,Indian,0,441,2012,19,0,2
113,0,0,27.00,1,8.67,0,0,0,0*,0,0,5,0,15,Yo Mahesh,Indian,0,0,2012,0,0,3
114,6.00,42.85,0,0,0,0,0,0,6,0,1,4,0,16,Wriddhiman Saha,Indian,0,6,2012,0,0,0
115,0,0,16.64,0,6.85,0,0,0,0*,0,0,9,0,17,Ben Hilfenhaus,Australian,0,0,2012,0,0,14
116,3.00,60.00,19.62,2,8.72,0,0,0,3,0,1,6,0,18,Doug Bollinger,Australian,1,3,2012,0,0,8
117,11.00,183.33,26.16,3,7.85,0,1,0,6*,0,2,6,1,25,Dwayne Bravo,West Indian,0,11,2011,1,0,6
118,23.00,135.29,25.46,4,8.48,0,8,0,30*,0,13,15,7,26,Albie Morkel,South African,0,138,2011,8,0,15
119,0,0,41.50,0,8.73,0,0,0,0*,0,0,5,0,307,Tim Southee,New Zealander,0,0,2011,0,0,4
120,41.90,162.89,0,15,0,4,32,0,67*,0,16,18,5,1,MS Dhoni,Indian,2,461,2013,25,2,0
121,7.00,87.50,26.73,5,8.02,0,0,0,7*,0,6,16,4,836,Chris Morris,South African,0,14,2013,0,0,15
122,22.28,109.09,0,8,0,2,27,0,55,0,15,15,1,7,Murali Vijay,Indian,0,312,2013,8,0,0
123,10.00,90.90,20.20,2,6.96,0,0,0,8,0,2,4,1,393,Thilan Thushara,Sri Lankan,0,10,2010,0,0,5
124,0,0,22.38,1,7.65,0,0,0,0*,0,2,11,2,10,Shadab Jakati,Indian,1,0,2010,0,0,13
125,32.36,117.49,0,1,0,2,41,0,55*,0,15,16,4,12,Subramaniam Badrinath,Indian,2,356,2010,5,0,0
126,0,75.00,159.00,2,10.04,0,0,0,3*,0,1,6,1,13,Sudeep Tyagi,Indian,0,3,2010,0,0,1
127,47.27,142.85,29.66,10,7.46,4,45,0,83*,0,16,16,5,14,Suresh Raina,Indian,3,520,2010,22,0,6
128,0,105.88,17.25,2,6.67,0,1,1,16*,0,2,8,2,18,Doug Bollinger,Australian,0,18,2010,1,0,12
129,0,0,0,0,0,0,0,0,0,0,0,0,0,590,Samuel Badree,West Indian,0,0,2015,0,0,0
130,24.93,123.02,46.50,11,7.75,2,31,0,62,0,17,17,2,14,Suresh Raina,Indian,0,374,2015,16,0,2
131,0,0,0,0,0,0,0,0,0,0,0,0,0,1105,Kyle Abbott,South African,0,0,2015,0,0,0
132,9.33,155.55,34.35,5,8.43,0,1,0,21*,0,6,16,3,1107,Mohit Sharma,Indian,0,28,2015,2,0,14
133,19.25,110.00,0,1,0,1,5,0,56,0,4,4,0,20,Michael Hussey,Australian,0,77,2015,3,0,0
134,0,100.00,59.00,1,10.11,0,0,0,2*,0,1,2,1,277,Ronit More,Indian,0,2,2015,0,0,1
135,0,0,0,0,0,0,0,0,0,0,0,0,0,1558,Ankush Bains,Indian,0,0,2015,0,0,0
136,0,0,0,0,19.00,0,0,0,0*,0,0,1,0,1083,Vijay Shankar,Indian,0,0,2014,0,0,0
137,17.50,152.17,0,3,0,0,3,0,13*,0,5,12,3,124,Mithun Manhas,Indian,0,35,2014,1,0,0
138,0,0,0,0,0,0,0,0,0,0,0,0,0,1084,Baba Aparajith,Indian,0,0,2014,0,0,0
139,35.37,136.05,23.75,5,9.50,5,50,0,79,0,16,16,0,413,Dwayne Smith,West Indian,0,566,2014,34,0,4
140,0,0,0,0,0,0,0,0,0,0,0,0,0,19,George Bailey,Australian,0,0,2012,0,0,0
141,32.62,110.59,0,4,0,2,28,0,56,0,8,8,0,20,Michael Hussey,Australian,0,261,2012,8,0,0
142,0,0,0,0,0,0,0,0,0,0,0,0,0,21,Suraj Randiv,Sri Lankan,0,0,2012,0,0,0
143,8.75,71.42,26.00,4,6.72,0,4,0,11*,0,5,18,1,8,Ravichandran Ashwin,Indian,0,35,2013,0,0,15
144,25.12,148.88,24.84,6,7.48,0,17,0,38*,0,14,18,6,9,Ravindra Jadeja,Indian,1,201,2013,6,0,13
145,0,0,0,0,0,0,0,0,0,0,0,0,0,10,Shadab Jakati,Indian,0,0,2013,0,0,0
146,0.00,0.00,0,0,0,0,0,0,0*,0,1,1,0,11,Srikkanth Anirudha,Indian,0,0,2013,0,0,0
147,0,0,0,0,0,0,0,0,0,0,0,0,0,588,Akila Dananjaya,Sri Lankan,0,0,2013,0,0,0
148,18.00,66.66,0,0,0,0,2,0,18,0,1,1,0,19,George Bailey,Australian,0,18,2010,0,0,0
149,0,0,0,0,13.00,0,0,0,0*,0,1,1,1,403,Chandrasekar Ganapathy,Indian,0,0,2010,0,0,0
150,18.50,84.09,0,0,0,0,2,0,15,0,3,3,1,20,Michael Hussey,Australian,0,37,2010,0,0,0
151,13.00,108.33,18.00,1,7.36,0,1,0,22,0,2,5,0,404,JM Kemp,,0,26,2010,1,0,3
152,9.00,90.00,29.57,2,8.87,0,1,0,15,0,3,7,1,87,Lakshmipathy Balaji,Indian,0,18,2010,1,0,7
153,0,0,0,0,19.00,0,0,0,0*,0,0,1,0,215,Thisara Perera,Sri Lankan,0,0,2010,0,0,0
154,29.23,125.00,0,8,0,1,37,0,55,0,15,17,2,24,Faf du Plessis,South African,1,380,2015,5,0,0
155,21.66,131.75,16.38,13,8.14,1,22,0,62*,0,14,17,5,25,Dwayne Bravo,West Indian,2,195,2015,5,0,26
156,24.93,119.10,17.00,9,8.50,2,52,0,62,0,16,16,0,413,Dwayne Smith,West Indian,1,399,2015,16,0,1
157,0,0,0,0,0,0,0,0,0,0,0,0,0,1505,Matt Henry,New Zealander,0,0,2015,0,0,0
158,0,0,0,0,0,0,0,0,0,0,0,0,0,2731,Pratyush Singh,Indian,0,0,2015,0,0,0
159,41.40,133.54,0,6,0,2,38,0,65,0,14,16,4,1,MS Dhoni,Indian,2,414,2008,15,0,0
160,0.00,0.00,0,3,0,0,0,0,0*,0,1,2,0,2,Abhinav Mukund,Indian,0,0,2008,0,0,0
161,0,0,0,0,0,0,0,0,0,0,0,0,0,3267,Napoleon Einstein,Indian,0,0,2008,0,0,0
162,0,0,0,0,0,0,0,0,0,0,0,0,0,3268,Viraj Kadbe,Indian,0,0,2008,0,0,0
163,8.00,145.45,29.87,4,9.68,0,1,0,16,0,3,8,1,5,Joginder Sharma,Indian,1,16,2008,1,0,8
164,0,0,0,0,0,0,0,0,0,0,0,0,0,22,Scott Styris,New Zealander,0,0,2012,0,0,0
165,0,166.66,23.50,4,6.71,0,1,0,5*,0,1,5,1,23,Nuwan Kulasekara,Sri Lankan,0,5,2012,0,0,4
166,33.16,130.92,0,4,16.00,3,29,0,73,0,12,13,0,24,Faf du Plessis,South African,2,398,2012,17,0,0
167,46.37,140.53,30.73,9,7.99,0,20,0,48,0,16,19,8,25,Dwayne Bravo,West Indian,3,371,2012,20,0,15
168,15.28,157.35,29.61,2,7.77,0,5,0,28,0,12,16,5,26,Albie Morkel,South African,0,107,2012,6,0,13
169,17.71,102.47,0,1,0,0,11,0,34,0,8,18,1,12,Subramaniam Badrinath,Indian,1,124,2013,0,0,0
170,42.15,150.13,23.00,10,11.50,4,50,0,100*,1,17,18,4,14,Suresh Raina,Indian,3,548,2013,18,0,1
171,23.33,125.00,0,0,0,0,6,0,39,0,3,3,0,16,Wriddhiman Saha,Indian,0,70,2013,4,0,0
172,0,0,0,0,0,0,0,0,0,0,0,0,0,17,Ben Hilfenhaus,Australian,0,0,2013,0,0,0
173,0,33.33,35.00,0,8.75,0,0,0,2*,0,1,2,1,1106,Ankit Rajpoot,Indian,0,2,2013,0,0,1
174,0.00,0.00,16.30,2,6.43,0,0,0,0*,0,2,15,1,1107,Mohit Sharma,Indian,1,0,2013,0,0,20
175,52.35,129.50,0,10,0,6,81,0,95,0,17,17,3,20,Michael Hussey,Australian,1,733,2013,17,0,0
176,0,60.00,0,0,0,0,0,0,3*,0,1,1,1,153,Arun Karthik,Indian,0,3,2010,0,0,0
177,24.75,151.14,36.81,3,8.49,1,10,0,62,0,11,14,3,26,Albie Morkel,South African,1,198,2010,13,0,11
178,0,0,0,0,0,0,0,0,0,0,0,0,0,351,Makhaya Ntini,South African,0,0,2010,0,0,0
179,21.62,124.01,0,6,0,1,37,0,93,0,16,16,0,352,Matthew Hayden,Australian,2,346,2010,16,0,0
180,0,0,0,0,0,0,0,0,0,0,0,0,0,3297,Hemang Badani,Indian,0,0,2010,0,0,0
181,0,0,0,0,0,0,0,0,0,0,0,0,0,293,Jacob Oram,New Zealander,0,0,2010,0,0,0
182,2.00,33.33,92.00,1,11.50,0,0,0,2,0,1,3,0,40,Manpreet Gony,Indian,0,2,2010,0,0,1
183,18.00,91.13,0,0,0,1,6,0,57,0,4,4,0,44,Parthiv Patel,Indian,0,72,2010,2,2,0
184,52.00,144.81,0,5,0,5,60,0,89,0,12,12,1,352,Matthew Hayden,Australian,1,572,2009,22,0,0
185,41.50,127.20,0,4,0,2,22,0,58*,0,13,14,5,1,MS Dhoni,Indian,0,332,2009,9,4,0
186,0,0,0,0,0,0,0,0,0,0,0,0,0,354,Vidyut Sivaramakrishnan,Indian,0,0,2009,0,0,0
187,0,0,0,0,0,0,0,0,0,0,0,0,0,355,Palani Amarnath,Indian,0,0,2009,0,0,0
188,0,0,0,0,0,0,0,0,0,0,0,0,0,3268,Viraj Kadbe,Indian,0,0,2009,0,0,0
189,20.00,111.11,28.50,0,8.14,0,0,0,16*,0,2,4,1,5,Joginder Sharma,Indian,0,20,2009,1,0,2
190,0,0,0,0,0,0,0,0,0,0,0,0,0,49,Irfan Pathan,Indian,0,0,2015,0,0,0
191,1.00,14.28,20.40,3,7.24,0,0,1,1*,0,4,16,3,115,Ashish Nehra,Indian,1,1,2015,0,0,22
192,14.50,158.90,42.00,4,8.40,0,10,0,36,0,9,10,1,53,Pawan Negi,Indian,1,116,2015,5,0,6
193,0,0,0,0,0,0,0,0,0,0,0,0,0,118,Eklavya Dwivedi ,Indian,0,0,2015,0,0,0
194,0,0,0,0,0,0,0,0,0,0,0,0,0,1084,Baba Aparajith,Indian,0,0,2015,0,0,0
195,0,0,0,0,0,0,0,0,0,0,0,0,0,124,Mithun Manhas,Indian,0,0,2015,0,0,0
196,0,0,0,0,0,0,0,0,0,0,0,0,0,126,Rahul Sharma,Indian,0,0,2015,0,0,0
197,0,0,0,0,0,0,0,0,0,0,0,0,0,3269,Suresh Kumar,Indian,0,0,2008,0,0,0
198,0,0,0,0,0,0,0,0,0,0,0,0,0,8,Ravichandran Ashwin,Indian,0,0,2008,0,0,0
199,0,0,0,0,0,0,0,0,0,0,0,0,0,10,Shadab Jakati,Indian,0,0,2008,0,0,0
200,1.00,14.28,0,0,0,0,0,0,1,0,1,1,0,11,Srikkanth Anirudha,Indian,0,1,2008,0,0,0
201,32.00,147.69,0,5,0,2,21,0,64,0,11,16,5,12,Subramaniam Badrinath,Indian,2,192,2008,8,0,0
202,0,0,0,0,0,0,0,0,0,0,0,0,0,13,Sudeep Tyagi,Indian,0,0,2008,0,0,0
203,38.27,142.22,30.00,10,9.00,3,35,0,55*,0,14,16,3,14,Suresh Raina,Indian,2,421,2008,18,0,1
204,84.00,168.00,0,2,0,0,12,0,116*,1,3,4,1,20,Michael Hussey,Australian,0,168,2008,11,0,0
205,0,0,0,0,0,0,0,0,0,0,0,0,0,1108,R Karthikeyan,Indian,0,0,2013,0,0,0
206,0,0,0,0,0,0,0,0,0,0,0,0,0,277,Ronit More,Indian,0,0,2013,0,0,0
207,0,0,0,0,0,0,0,0,0,0,0,0,0,23,Nuwan Kulasekara,Sri Lankan,0,0,2013,0,0,0
208,0,0,0,0,0,0,0,0,0,0,0,0,0,24,Faf du Plessis,South African,0,0,2013,0,0,0
209,4.00,44.44,71.00,0,10.14,0,0,0,4*,0,2,2,1,921,Ben Laughlin,Australian,0,4,2013,0,0,1
210,15.12,114.15,15.53,14,7.95,0,11,1,23*,0,12,18,4,25,Dwayne Bravo,West Indian,1,121,2013,3,0,32
211,1.00,50.00,21.93,3,6.85,0,0,0,1,0,1,12,0,241,Muttiah Muralitharan,Sri Lankan,0,1,2010,0,0,15
212,14.66,94.62,26.60,5,8.58,0,5,0,41*,0,8,11,2,293,Jacob Oram,New Zealander,1,88,2009,4,0,5
213,15.00,89.55,0,2,0,0,4,0,31,0,4,4,0,7,Murali Vijay,Indian,0,60,2009,2,0,0
214,8.00,53.33,6.50,2,3.25,0,1,0,8,0,1,2,0,8,Ravichandran Ashwin,Indian,0,8,2009,0,0,2
215,6.50,185.71,34.40,2,10.11,0,0,0,7,0,3,7,1,40,Manpreet Gony,Indian,0,13,2009,2,0,5
216,31.00,116.98,52.50,4,9.54,0,5,0,24,0,3,3,1,392,Andrew Flintoff,English,0,62,2009,2,0,2
217,0.00,0.00,26.00,1,8.66,0,0,0,0*,0,1,9,0,87,Lakshmipathy Balaji,Indian,0,0,2008,0,0,11
218,0,0,0,0,0,0,0,0,0,0,0,0,0,153,Arun Karthik,Indian,0,0,2008,0,0,0
219,34.42,147.85,23.47,3,8.31,1,18,1,71,0,10,13,3,26,Albie Morkel,South African,0,241,2008,14,0,17
220,21.77,119.51,0,2,0,0,27,0,45,0,10,10,1,350,Stephen Fleming,New Zealander,0,196,2008,3,0,0
221,11.00,61.11,34.57,1,6.91,0,2,1,11,0,2,9,1,351,Makhaya Ntini,South African,2,11,2008,0,0,7
222,63.00,144.27,0,0,0,2,24,0,81,0,4,4,1,352,Matthew Hayden,Australian,0,189,2008,6,0,0
223,15.33,124.32,22.71,2,6.62,0,2,0,23,0,3,8,0,26,Albie Morkel,South African,2,46,2013,3,0,7
224,0,0,39.50,3,7.96,0,0,0,0*,0,1,5,1,237,Dirk Nannes,Australian,0,0,2013,0,0,4
225,0,0,0,0,0,0,0,0,0,0,0,0,0,1264,Imtiaz Ahmed,Indian,0,0,2013,0,0,0
226,0,0,84.00,3,8.40,0,0,0,0*,0,0,6,0,1075,Jason Holder,West Indian,0,0,2013,0,0,2
227,0,0,0,0,0,0,0,0,0,0,0,0,0,1083,Vijay Shankar,Indian,0,0,2013,0,0,0
228,0,0,0,0,0,0,0,0,0,0,0,0,0,1084,Baba Aparajith,Indian,0,0,2013,0,0,0
229,2.00,28.57,20.00,1,7.50,0,0,0,1*,0,2,2,1,393,Thilan Thushara,Sri Lankan,0,2,2009,0,0,3
230,20.00,133.33,16.69,3,7.48,0,3,2,13,0,2,9,1,10,Shadab Jakati,Indian,0,20,2009,0,0,13
231,19.66,107.92,0,5,0,1,20,0,59*,0,11,14,2,12,Subramaniam Badrinath,Indian,0,177,2009,4,0,0
232,15.77,112.69,0,3,0,0,19,0,36,0,9,9,0,44,Parthiv Patel,Indian,0,142,2009,2,0,0
233,5.33,69.56,0,4,17.29,0,0,0,8,0,3,5,0,353,Chamara Kapugedera,Sri Lankan,0,16,2008,0,0,0
234,18.12,133.02,22.00,1,11.00,1,21,0,54,0,8,9,0,354,Vidyut Sivaramakrishnan,Indian,0,145,2008,3,0,1
235,0,0,33.71,2,10.72,0,0,0,0*,0,0,6,0,355,Palani Amarnath,Indian,0,0,2008,0,0,7
236,18.00,150.00,49.66,3,9.31,0,1,0,13,0,3,4,2,293,Jacob Oram,New Zealander,0,18,2008,1,0,3
237,0.00,0,27.20,1,7.15,0,0,0,0*,0,2,8,1,13,Sudeep Tyagi,Indian,0,0,2009,0,0,5
238,31.00,140.90,23.42,7,5.92,2,37,0,98,0,14,14,0,14,Suresh Raina,Indian,1,434,2009,21,0,7
239,4.00,100.00,18.64,4,5.22,0,1,0,4,0,4,13,2,241,Muttiah Muralitharan,Sri Lankan,2,8,2009,0,0,14
240,22.50,115.38,0,0,0,0,7,0,30,0,2,3,0,19,George Bailey,Australian,0,45,2009,0,0,0
241,1.33,40.00,24.30,3,8.46,0,0,1,2*,0,4,13,1,87,Lakshmipathy Balaji,Indian,1,4,2009,0,0,13
242,0,0,0,0,0,0,0,0,0,0,0,0,0,153,Arun Karthik,Indian,0,0,2009,0,0,0
243,35.00,152.17,26.05,2,7.38,0,2,0,15*,0,5,16,4,40,Manpreet Gony,Indian,1,35,2008,3,0,17
244,27.45,101.68,0,6,0,2,42,0,54,0,13,13,2,44,Parthiv Patel,Indian,0,302,2008,3,0,0
245,0.00,0.00,36.72,4,6.96,0,0,0,0*,0,1,15,0,241,Muttiah Muralitharan,Sri Lankan,0,0,2008,0,0,11
246,24.25,138.57,24.92,1,8.10,0,8,0,21*,0,10,12,6,26,Albie Morkel,South African,1,97,2009,4,0,13
247,0,0,0,0,0,0,0,0,0,0,0,0,0,351,Makhaya Ntini,South African,0,0,2009,0,0,0
